{"stats":{"minecraft:dropped":{"minecraft:iron_sword":1,"minecraft:acacia_wood":1,"minecraft:dark_oak_stairs":1,"minecraft:glass_bottle":4,"luminousworld:white_petunias":1,"ecologics:coconut_slice":29,"minecraft:leather":3,"born_in_chaos_v1:pieceofdarkmetal":3,"quark:limestone":15,"born_in_chaos_v1:monster_flesh":1,"minecraft:dirt":6,"minecraft:dark_oak_log":1,"minecraft:dark_oak_fence":1,"minecraft:mutton":5,"minecraft:glistering_melon_slice":2,"minecraft:iron_pickaxe":4,"minecraft:fermented_spider_eye":4,"minecraft:white_wool":6,"minecraft:bone":25,"minecraft:sugar_cane":3,"minecraft:cobbled_deepslate":29,"minecraft:birch_sapling":2,"minecraft:wheat":9,"minecraft:obsidian":2,"artifacts:villager_hat":1,"minecraft:rotten_flesh":38,"iceandfire:frozen_stone":30,"minecraft:azure_bluet":1,"minecraft:chainmail_chestplate":1,"iceandfire:sapphire_gem":2,"supplementaries:ash":27,"luminousworld:grassflowers":2,"minecraft:gunpowder":13,"ecologics:coconut_husk":55,"born_in_chaos_v1:diamond_termite_shard":1,"iceandfire:bestiary":1,"minecraft:chainmail_boots":2,"minecraft:arrow":16,"minecraft:polished_granite":2,"minecraft:bread":6,"minecraft:iron_ingot":10,"minecraft:enchanted_book":7,"illagerinvasion:platinum_infused_hatchet":1,"luminousworld:ishstone":16,"minecraft:cobblestone":107,"minecraft:apple":17,"minecraft:granite":4,"minecraft:coal":2,"minecraft:turtle_egg":1,"minecraft:oxeye_daisy":2,"minecraft:diorite":2,"minecraft:brewing_stand":1,"tombstone:grave_key":1,"minecraft:map":1,"tombstone:grave_dust":3,"minecraft:granite_slab":2,"minecraft:iron_axe":3,"minecraft:iron_shovel":5,"minecraft:string":4,"iceandfire:frozen_cobblestone":14,"minecraft:redstone":1,"iceandfire:silver_nugget":150,"minecraft:bricks":2,"minecraft:kelp":45,"minecraft:bowl":1,"minecraft:tuff":11,"minecraft:smoker":1,"sophisticatedbackpacks:backpack":1,"minecraft:name_tag":2,"minecraft:spruce_fence":1,"minecraft:filled_map":1,"minecraft:diamond_sword":4,"minecraft:hay_block":1,"luminousworld:groundpebbles_1":1,"minecraft:iron_chestplate":1,"minecraft:andesite":17,"minecraft:oak_sapling":1,"minecraft:stone_bricks":6,"minecraft:spruce_log":2,"minecraft:bow":1,"minecraft:calcite":2,"minecraft:dark_prismarine":1,"minecraft:terracotta":6},"minecraft:killed":{"minecraft:witch":4,"minecraft:spider":2,"born_in_chaos_v1:baby_skeleton_minion":1,"illagerinvasion:basher":1,"minecraft:skeleton":15,"illagerinvasion:provoker":4,"minecraft:silverfish":7,"undead_revamp2:thespitter":1,"enemyexpansion:vampflyer":1,"artifacts:mimic":1,"illagerinvasion:necromancer":1,"minecraft:creeper":4,"luminousworld:crab":1,"minecraft:sheep":9,"undead_revamp2:theordure":1,"minecraft:pillager":2,"enemyexpansion:meature":3,"minecraft:zombie":15,"born_in_chaos_v1:dread_hound":1,"enemyexpansion:vampire":1,"born_in_chaos_v1:corpse_fly":9,"minecraft:cow":1,"enemyexpansion:trollenraged":1,"undead_revamp2:theimmortal":2,"undead_revamp2:thegliter":2,"minecraft:vindicator":4,"illagerinvasion:marauder":3,"enemyexpansion:direwolf":6,"born_in_chaos_v1:zombie_bruiser":1,"born_in_chaos_v1:maggot":5,"minecraft:phantom":1,"undead_revamp2:sucker":1,"mowziesmobs:umvuthana":2,"born_in_chaos_v1:barrel_zombie":1,"born_in_chaos_v1:fallen_chaos_knight":1,"born_in_chaos_v1:bone_imp_minion":2,"born_in_chaos_v1:spirit_guide_assistant":1,"undead_revamp2:the_moonflower":6,"enemyexpansion:sprinter":1,"born_in_chaos_v1:decrepit_skeleton":7,"enemyexpansion:crawler":1,"born_in_chaos_v1:bloody_gadfly":1,"undead_revamp2:thesomnolence":1,"iceandfire:ghost":2,"enemyexpansion:slugger":1},"minecraft:killed_by":{"undead_revamp2:the_moonflower":2,"born_in_chaos_v1:bone_imp_minion":1,"born_in_chaos_v1:corpse_fly":1,"iceandfire:sea_serpent":1,"iceandfire:ice_dragon":10,"minecraft:witch":1,"minecraft:zombie":1,"born_in_chaos_v1:supreme_bonescaller_stage_2":1,"minecraft:player":1,"takesapillage:skirmisher":1,"undead_revamp2:thespitter":1,"minecraft:skeleton":8,"iceandfire:lightning_dragon":1,"born_in_chaos_v1:corpse_fish":1,"iceandfire:ghost":1},"minecraft:broken":{"mowziesmobs:umvuthana_mask_rage":1,"minecraft:golden_leggings":1,"minecraft:stone_pickaxe":1,"minecraft:stone_axe":2,"minecraft:wooden_axe":1,"minecraft:stone_sword":1,"aether:iron_gloves":1,"minecraft:chainmail_helmet":1,"minecraft:leather_boots":1,"minecraft:golden_pickaxe":1},"minecraft:mined":{"minecraft:spruce_planks":1,"minecraft:white_bed":4,"quark:yellow_blossom_leaves":1,"minecraft:brewing_stand":1,"minecraft:spruce_trapdoor":1,"minecraft:granite":20,"minecraft:grass_block":6,"ecologics:coconut_leaves":1,"minecraft:coal_block":7,"minecraft:spawner":3,"minecraft:tall_seagrass":3,"minecraft:fire":16,"minecraft:granite_slab":1,"minecraft:dark_oak_stairs":1,"minecraft:tripwire":1,"minecraft:kelp_plant":23,"minecraft:smoker":2,"minecraft:powder_snow":14,"iceandfire:dragon_ice_spikes":4,"minecraft:torch":1,"minecraft:blast_furnace":1,"iceandfire:sapphire_ore":1,"minecraft:cobblestone":14,"minecraft:sugar_cane":1,"minecraft:bricks":2,"placeablesmod:bread_full_block":4,"minecraft:wall_torch":1,"minecraft:pink_petals":2,"minecraft:seagrass":3,"ecologics:seashell":1,"minecraft:birch_log":15,"minecraft:tnt":1,"minecraft:grass":15,"minecraft:sand":3,"minecraft:dirt":6,"luminousworld:grassvariant_3":1,"minecraft:tripwire_hook":3,"minecraft:oak_leaves":5,"minecraft:deepslate":33,"luminousworld:savannah_ground":1,"minecraft:dark_prismarine":2,"alexscaves:spelunkery_table":1,"luminousworld:groundpebbles_1":1,"minecraft:deepslate_diamond_ore":1,"luminousworld:grassvariant_4":1,"iceandfire:frozen_cobblestone":15,"iceandfire:frozen_stone":18,"luminousworld:mossbuds_2":1,"minecraft:redstone_wire":1,"luminousworld:grassvariant_2":6,"luminousworld:decorative_brown_mushroom_1":1,"luminousworld:blackberrybush":1,"ecologics:coconut_log":1,"minecraft:spruce_leaves":10,"minecraft:kelp":23,"minecraft:hay_block":29,"luminousworld:mossbuds_3":2,"minecraft:vine":1,"luminousworld:groundpebbles_2":1,"minecraft:stone":28,"minecraft:bone_block":11,"minecraft:white_wool":6,"luminousworld:blueberrybush":1,"minecraft:snow_block":7,"minecraft:polished_granite":3,"minecraft:crafting_table":3,"minecraft:andesite_slab":1,"minecraft:tall_grass":1,"supplementaries:urn":3,"minecraft:sweet_berry_bush":4,"minecraft:spruce_log":2,"minecraft:birch_leaves":14,"minecraft:coal_ore":16,"iceandfire:silver_pile":1,"minecraft:sunflower":1,"minecraft:cobweb":3,"minecraft:terracotta":90,"minecraft:polished_andesite":1,"minecraft:stone_bricks":25,"luminousworld:elephant_grass":1},"minecraft:picked_up":{"minecraft:iron_chestplate":1,"minecraft:chainmail_boots":1,"minecraft:diamond_sword":3,"minecraft:turtle_egg":2,"minecraft:potion":1,"minecraft:enchanted_book":9,"tombstone:grave_key":1,"minecraft:brewing_stand":2,"minecraft:string":4,"minecraft:experience_bottle":2,"illagerinvasion:platinum_infused_hatchet":1,"minecraft:cobbled_deepslate":52,"minecraft:spruce_planks":1,"minecraft:calcite":1,"minecraft:iron_pickaxe":5,"minecraft:coal_block":7,"minecraft:stick":13,"minecraft:torch":3,"ecologics:coconut_seedling":3,"tombstone:grave_dust":14,"minecraft:diorite":2,"luminousworld:grassflowers":2,"minecraft:rotten_flesh":46,"ecologics:coconut_log":1,"supplementaries:ash":26,"minecraft:obsidian":2,"minecraft:cobblestone":159,"minecraft:birch_log":15,"iceandfire:sapphire_gem":2,"minecraft:andesite":34,"minecraft:smoker":3,"minecraft:potato":1,"minecraft:tuff":11,"minecraft:map":1,"minecraft:dirt":17,"minecraft:polished_granite":5,"minecraft:name_tag":3,"born_in_chaos_v1:monster_skin":1,"minecraft:bone":43,"minecraft:bow":1,"luminousworld:bass_item":2,"ecologics:coconut_husk":6,"minecraft:sand":3,"minecraft:granite_slab":6,"minecraft:fermented_spider_eye":4,"minecraft:dark_oak_log":1,"minecraft:dark_prismarine":1,"minecraft:bundle":2,"minecraft:iron_hoe":2,"minecraft:diamond":19,"minecraft:granite":19,"minecraft:golden_apple":3,"minecraft:bread":24,"minecraft:oak_sapling":1,"minecraft:bricks":2,"minecraft:dark_oak_fence":1,"iceandfire:silver_nugget":170,"luminousworld:groundpebbles_1":3,"minecraft:crafting_table":3,"born_in_chaos_v1:diamond_termite_shard":1,"minecraft:azure_bluet":1,"ecologics:seashell":1,"luminousworld:trout":1,"iceandfire:frozen_cobblestone":20,"iceandfire:frozen_stone":30,"minecraft:iron_axe":3,"luminousworld:sunny":3,"minecraft:iron_shovel":6,"ecologics:walnut_sapling":1,"iceandfire:bestiary":1,"minecraft:beef":5,"minecraft:sugar_cane":3,"minecraft:birch_sapling":2,"minecraft:spruce_trapdoor":1,"ecologics:coconut_slice":85,"minecraft:spruce_fence":2,"sophisticatedbackpacks:backpack":1,"born_in_chaos_v1:pieceofdarkmetal":3,"minecraft:carrot":1,"minecraft:redstone":1,"minecraft:tnt":1,"luminousworld:decorative_brown_mushroom_1":1,"minecraft:arrow":31,"minecraft:hay_block":31,"alexscaves:spelunkery_table":1,"minecraft:mutton":12,"minecraft:bone_block":11,"minecraft:white_wool":15,"minecraft:oxeye_daisy":2,"born_in_chaos_v1:corpse_maggot":15,"born_in_chaos_v1:monster_flesh":1,"luminousworld:ishstone":14,"minecraft:leather":3,"minecraft:acacia_wood":1,"minecraft:gunpowder":15,"quark:limestone":24,"tombstone:gift":1,"minecraft:cooked_mutton":4,"minecraft:apple":17,"minecraft:stone_bricks":9,"mowziesmobs:umvuthana_mask_rage":1,"minecraft:kelp":90,"minecraft:iron_ingot":23,"minecraft:glass_bottle":4,"luminousworld:white_petunias":1,"minecraft:iron_sword":1,"minecraft:dark_oak_stairs":1,"minecraft:sweet_berries":9,"minecraft:gravel":1,"minecraft:blast_furnace":1,"minecraft:white_bed":4,"minecraft:spruce_log":4,"minecraft:terracotta":97,"tombstone:magic_scroll":1,"minecraft:coal":28},"minecraft:used":{"minecraft:beetroot":15,"minecraft:iron_shovel":21,"minecraft:bone_block":11,"minecraft:shield":70,"luminousworld:sunny":3,"minecraft:iron_sword":103,"luminousworld:bass_item":2,"minecraft:rotten_flesh":8,"tombstone:scroll_of_preservation":3,"minecraft:mutton":7,"minecraft:carrot":2,"quark:limestone":9,"born_in_chaos_v1:corpse_maggot":14,"minecraft:lava_bucket":22,"alexsmobs:cooked_lobster_tail":1,"minecraft:sweet_berries":9,"minecraft:furnace":1,"iceandfire:frozen_cobblestone":6,"luminousworld:decorative_brown_mushroom_1":1,"minecraft:diamond_boots":1,"minecraft:stone_pickaxe":126,"minecraft:wooden_pickaxe":27,"minecraft:chainmail_helmet":1,"luminousworld:groundpebbles_1":2,"minecraft:white_wool":12,"minecraft:golden_apple":3,"minecraft:sand":3,"minecraft:mushroom_stew":1,"minecraft:crossbow":2,"minecraft:bread":167,"minecraft:polished_granite":1,"minecraft:gravel":1,"ecologics:coconut_slice":55,"minecraft:diamond_sword":650,"minecraft:chainmail_boots":2,"minecraft:andesite":17,"minecraft:golden_pickaxe":107,"minecraft:experience_bottle":2,"quark:birch_chest":2,"minecraft:stone_sword":131,"minecraft:spruce_planks":4,"minecraft:torch":27,"minecraft:dirt":11,"ecologics:seashell":1,"minecraft:granite":15,"minecraft:spruce_fence":1,"minecraft:iron_hoe":4,"minecraft:wooden_axe":39,"minecraft:iron_axe":110,"minecraft:beef":5,"tombstone:gift":6,"minecraft:cobbled_deepslate":23,"minecraft:cooked_mutton":12,"minecraft:water_bucket":152,"minecraft:birch_planks":16,"ecologics:walnut_sapling":1,"luminousworld:ishstone":1,"minecraft:terracotta":91,"minecraft:crafting_table":5,"minecraft:white_bed":5,"minecraft:smoker":1,"minecraft:apple":25,"minecraft:iron_pickaxe":26,"minecraft:spruce_trapdoor":1,"minecraft:stone_axe":135,"luminousworld:trout":1,"minecraft:fishing_rod":9,"minecraft:cobblestone":21,"ecologics:coconut_log":1,"minecraft:bucket":175,"minecraft:pumpkin_pie":6,"alexsmobs:animal_dictionary":4},"minecraft:custom":{"minecraft:interact_with_crafting_table":23,"minecraft:open_barrel":54,"minecraft:eat_cake_slice":11,"minecraft:leave_game":9,"minecraft:time_since_death":6861,"minecraft:sprint_one_cm":1947853,"minecraft:damage_blocked_by_shield":2555,"minecraft:drop":436,"minecraft:talked_to_villager":4,"minecraft:play_time":589344,"minecraft:deaths":43,"minecraft:interact_with_brewingstand":1,"minecraft:jump":8867,"minecraft:walk_on_water_one_cm":313082,"minecraft:interact_with_furnace":11,"minecraft:sleep_in_bed":5,"tombstone:sneak_grave":1,"minecraft:damage_dealt":34289,"minecraft:crouch_one_cm":57879,"tombstone:undead_killed":67,"minecraft:interact_with_smoker":1,"minecraft:inspect_dispenser":4,"minecraft:interact_with_smithing_table":2,"minecraft:mob_kills":155,"minecraft:damage_dealt_resisted":892,"minecraft:climb_one_cm":23325,"minecraft:walk_one_cm":1879649,"minecraft:sneak_time":20794,"minecraft:walk_under_water_one_cm":218426,"minecraft:boat_one_cm":29677,"minecraft:interact_with_blast_furnace":3,"minecraft:total_world_time":589344,"tombstone:raider_killed":20,"minecraft:time_since_rest":6802,"minecraft:damage_taken":22159,"minecraft:damage_absorbed":120,"minecraft:trigger_trapped_chest":1,"minecraft:swim_one_cm":693651,"minecraft:fly_one_cm":1383820,"minecraft:open_chest":126,"minecraft:fall_one_cm":169800},"minecraft:crafted":{"quark:birch_chest":2,"minecraft:cooked_mutton":8,"minecraft:crafting_table":2,"minecraft:spruce_planks":8,"minecraft:wooden_pickaxe":1,"minecraft:birch_planks":60,"minecraft:shield":1,"minecraft:stick":12,"minecraft:stone_sword":1,"minecraft:furnace":1,"minecraft:stone_pickaxe":1,"minecraft:wheat":211,"minecraft:diamond_sword":1,"minecraft:stone_axe":2,"minecraft:bread":70,"minecraft:air":0,"minecraft:wooden_axe":1,"minecraft:white_bed":2,"minecraft:torch":24}},"DataVersion":3465}