{"stats":{"minecraft:custom":{"minecraft:interact_with_crafting_table":43,"minecraft:open_barrel":89,"minecraft:leave_game":8,"minecraft:time_since_death":66579,"minecraft:sprint_one_cm":987235,"minecraft:damage_blocked_by_shield":4013,"minecraft:drop":199,"minecraft:talked_to_villager":7,"minecraft:play_time":384690,"minecraft:deaths":4,"minecraft:interact_with_brewingstand":1,"minecraft:jump":7309,"minecraft:walk_on_water_one_cm":130529,"minecraft:interact_with_furnace":36,"minecraft:sleep_in_bed":6,"minecraft:damage_dealt":58550,"minecraft:player_kills":1,"minecraft:crouch_one_cm":79911,"tombstone:undead_killed":147,"minecraft:interact_with_smoker":2,"minecraft:inspect_dispenser":5,"minecraft:interact_with_smithing_table":3,"minecraft:inspect_dropper":4,"minecraft:mob_kills":304,"minecraft:damage_dealt_resisted":1769,"minecraft:climb_one_cm":14413,"minecraft:walk_one_cm":1389301,"minecraft:damage_dealt_absorbed":81,"minecraft:sneak_time":27473,"minecraft:walk_under_water_one_cm":53568,"minecraft:boat_one_cm":98910,"minecraft:total_world_time":384690,"tombstone:raider_killed":7,"minecraft:tune_noteblock":9,"minecraft:time_since_rest":20755,"minecraft:damage_taken":11433,"minecraft:trigger_trapped_chest":2,"minecraft:swim_one_cm":162222,"minecraft:fly_one_cm":1353044,"minecraft:open_chest":110,"minecraft:fall_one_cm":182035},"minecraft:used":{"alexsmobs:emu_egg":1,"minecraft:spruce_slab":2,"minecraft:bone_block":1,"luminousworld:sunny":1,"minecraft:shield":150,"minecraft:iron_sword":400,"luminousworld:bass_item":2,"minecraft:rotten_flesh":6,"minecraft:cyan_wool":1,"minecraft:honey_bottle":24,"minecraft:polished_deepslate_stairs":2,"quark:limestone":8,"born_in_chaos_v1:corpse_maggot":17,"minecraft:lava_bucket":12,"alexsmobs:lobster_tail":9,"friendsandfoes:totem_of_illusion":1,"minecraft:light_blue_bed":1,"luminousworld:elephant_grass":1,"minecraft:stone_bricks":2,"minecraft:bow":7,"minecraft:cooked_cod":16,"minecraft:furnace":3,"minecraft:mangrove_slab":1,"minecraft:egg":1,"iceandfire:frozen_cobblestone":26,"luminousworld:clovers_1":1,"minecraft:stone_pickaxe":112,"minecraft:ender_pearl":2,"minecraft:wooden_pickaxe":6,"minecraft:crossbow":18,"minecraft:black_bed":1,"minecraft:bread":128,"minecraft:red_terracotta":60,"ecologics:coconut_slice":81,"minecraft:diamond_sword":450,"minecraft:experience_bottle":10,"minecraft:stone_sword":83,"minecraft:spruce_planks":66,"minecraft:cooked_salmon":7,"minecraft:torch":128,"iceandfire:myrmex_desert_resin_glass":1,"minecraft:wooden_axe":2,"minecraft:iron_axe":335,"tombstone:gift":8,"minecraft:cooked_beef":16,"minecraft:acacia_planks":46,"minecraft:cobbled_deepslate":125,"minecraft:iron_leggings":1,"minecraft:cooked_mutton":5,"minecraft:water_bucket":28,"minecraft:birch_planks":95,"minecraft:polished_andesite":1,"minecraft:birch_boat":2,"luminousworld:white_oak_plank":70,"iceandfire:dragon_skull_lightning":1,"minecraft:deepslate_bricks":2,"minecraft:terracotta":203,"minecraft:tnt":1,"minecraft:crafting_table":10,"quark:acacia_chest":1,"minecraft:white_bed":2,"alexsmobs:flying_fish":1,"tombstone:bag_of_seeds":1,"minecraft:diamond_pickaxe":56,"minecraft:iron_pickaxe":857,"minecraft:stone_slab":1,"minecraft:stone_axe":90,"luminousworld:trout":1,"minecraft:fishing_rod":6,"minecraft:cobblestone":149,"minecraft:andesite_stairs":1,"minecraft:bucket":41,"quark:oak_chest":2,"alexsmobs:animal_dictionary":1,"minecraft:gray_wool":1},"minecraft:killed_by":{"minecraft:zombie":1,"iceandfire:fire_dragon":1,"born_in_chaos_v1:corpse_fish":1},"minecraft:crafted":{"minecraft:oak_planks":36,"minecraft:birch_boat":1,"minecraft:cooked_mutton":8,"minecraft:iron_boots":1,"minecraft:crafting_table":5,"minecraft:spruce_planks":32,"minecraft:wooden_pickaxe":1,"minecraft:birch_planks":112,"minecraft:iron_chestplate":1,"minecraft:diamond_pickaxe":1,"minecraft:shield":2,"minecraft:stick":44,"quark:oak_chest":2,"minecraft:iron_pickaxe":1,"minecraft:stone_sword":1,"minecraft:furnace":1,"quark:acacia_chest":1,"minecraft:iron_axe":2,"luminousworld:white_oak_plank":76,"minecraft:stone_pickaxe":1,"minecraft:wheat":117,"minecraft:cooked_beef":16,"minecraft:cooked_cod":16,"minecraft:iron_sword":3,"minecraft:cooked_salmon":8,"minecraft:bucket":1,"minecraft:stone_axe":1,"minecraft:bread":39,"minecraft:wooden_axe":1,"minecraft:iron_leggings":1,"minecraft:white_bed":1,"minecraft:acacia_planks":48,"minecraft:torch":104},"minecraft:dropped":{"minecraft:iron_sword":3,"iceandfire:raw_silver":2,"minecraft:birch_planks":1,"minecraft:glass_bottle":5,"minecraft:crafting_table":1,"ecologics:coconut_slice":24,"minecraft:glow_berries":1,"minecraft:honeycomb":12,"minecraft:red_wool":1,"iceandfire:ectoplasm":3,"born_in_chaos_v1:pieceofdarkmetal":2,"minecraft:emerald":1,"minecraft:dirt":23,"luminousworld:trout":1,"iceandfire:sea_serpent_scales_purple":6,"minecraft:bone_meal":2,"minecraft:bone":7,"minecraft:gravel":4,"minecraft:red_glazed_terracotta":1,"minecraft:stone_axe":1,"luminousworld:white_oak_plank":3,"minecraft:soul_lantern":1,"minecraft:rotten_flesh":27,"minecraft:oak_planks":2,"minecraft:cooked_mutton":3,"minecraft:stone_stairs":1,"supplementaries:flax_seeds":3,"supplementaries:ash":9,"supplementaries:cartographers_quill":2,"minecraft:gunpowder":3,"minecraft:melon_seeds":3,"minecraft:beetroot_seeds":3,"born_in_chaos_v1:corpse_maggot":3,"born_in_chaos_v1:diamond_termite_shard":4,"minecraft:leather_boots":1,"ecologics:coconut_husk":32,"minecraft:chainmail_boots":1,"minecraft:spruce_slab":1,"minecraft:stone_brick_stairs":1,"minecraft:iron_ingot":110,"minecraft:bread":18,"luminousworld:white_oak_sapling":1,"minecraft:golden_horse_armor":1,"mowziesmobs:foliaath_seed":2,"minecraft:cobblestone":41,"minecraft:coal":6,"minecraft:golden_apple":1,"minecraft:stick":8,"minecraft:wooden_axe":1,"minecraft:cooked_salmon":1,"tombstone:grave_dust":6,"minecraft:potion":2,"minecraft:polished_andesite_stairs":1,"minecraft:iron_axe":2,"minecraft:string":13,"minecraft:polished_deepslate_wall":1,"iceandfire:frozen_cobblestone":31,"minecraft:polished_deepslate":1,"minecraft:stone_sword":2,"minecraft:raw_iron":2,"minecraft:name_tag":4,"minecraft:spruce_fence":1,"minecraft:pumpkin_seeds":1,"minecraft:shield":1,"minecraft:bundle":1,"luminousworld:groundpebbles_1":1,"minecraft:iron_chestplate":2,"born_in_chaos_v1:spiny_shell":1,"minecraft:spider_eye":1,"minecraft:stone_bricks":1,"minecraft:bow":1,"minecraft:stone_pickaxe":1,"minecraft:wooden_pickaxe":1,"iceandfire:sea_serpent_fang":10,"minecraft:terracotta":5},"minecraft:picked_up":{"minecraft:iron_chestplate":7,"minecraft:chainmail_boots":1,"minecraft:stone_slab":1,"minecraft:diamond_sword":5,"artifacts:chorus_totem":1,"minecraft:enchanted_book":1,"minecraft:stone_brick_stairs":1,"minecraft:polished_deepslate_wall":1,"minecraft:polished_deepslate":1,"minecraft:string":31,"minecraft:iron_leggings":1,"minecraft:cobbled_deepslate":152,"minecraft:spruce_planks":64,"minecraft:iron_pickaxe":1,"minecraft:furnace":2,"minecraft:stick":12,"minecraft:polished_deepslate_stairs":2,"minecraft:torch":24,"tombstone:grave_dust":9,"minecraft:stone_sword":1,"minecraft:rotten_flesh":63,"alexsmobs:emu_egg":1,"supplementaries:ash":9,"alexsmobs:flying_fish":1,"alexsmobs:lobster_tail":9,"minecraft:cobblestone":217,"minecraft:nautilus_shell":1,"minecraft:birch_log":28,"minecraft:black_bed":1,"supplementaries:flax_seeds":3,"minecraft:dirt":23,"minecraft:mangrove_slab":1,"minecraft:name_tag":2,"minecraft:leather_boots":1,"minecraft:bone":22,"minecraft:acacia_planks":10,"minecraft:bow":1,"luminousworld:elephant_grass":1,"minecraft:glowstone_dust":1,"luminousworld:bass_item":3,"ecologics:coconut_husk":1,"minecraft:red_terracotta":60,"artifacts:plastic_drinking_hat":1,"minecraft:bundle":2,"minecraft:polished_andesite":1,"naturalist:antler":1,"minecraft:diamond":4,"minecraft:soul_lantern":1,"minecraft:bone_meal":2,"minecraft:emerald":3,"minecraft:bread":8,"minecraft:bricks":3,"iceandfire:raw_silver":4,"luminousworld:groundpebbles_1":1,"minecraft:fishing_rod":3,"iceandfire:dragon_skull_lightning":3,"minecraft:crafting_table":6,"born_in_chaos_v1:diamond_termite_shard":4,"naturalist:venison":2,"friendsandfoes:totem_of_illusion":1,"luminousworld:trout":2,"iceandfire:frozen_cobblestone":88,"minecraft:stone_stairs":1,"iceandfire:frozen_stone":1,"minecraft:iron_axe":2,"luminousworld:sunny":1,"minecraft:beef":16,"minecraft:andesite_stairs":1,"alexsmobs:elastic_tendon":1,"minecraft:cyan_wool":1,"minecraft:spruce_slab":3,"luminousworld:white_oak_plank":9,"minecraft:egg":1,"minecraft:raw_iron":2,"iceandfire:dragonbone":40,"ecologics:coconut_slice":121,"minecraft:spruce_fence":2,"born_in_chaos_v1:pieceofdarkmetal":2,"minecraft:light_blue_bed":1,"minecraft:tnt":1,"luminousworld:white_oak_sapling":1,"iceandfire:sea_serpent_scales_purple":6,"minecraft:arrow":18,"minecraft:beetroot_seeds":3,"minecraft:deepslate_bricks":2,"minecraft:hay_block":13,"born_in_chaos_v1:spiny_shell":1,"tombstone:essence_of_undeath":2,"minecraft:glow_berries":1,"minecraft:mutton":8,"minecraft:white_wool":4,"minecraft:bone_block":1,"minecraft:stripped_oak_log":2,"born_in_chaos_v1:corpse_maggot":20,"iceandfire:sea_serpent_fang":10,"born_in_chaos_v1:monster_flesh":1,"minecraft:leather":11,"minecraft:red_glazed_terracotta":1,"iceandfire:myrmex_desert_resin_glass":1,"minecraft:acacia_wood":12,"minecraft:birch_planks":14,"minecraft:oak_log":7,"minecraft:chainmail_chestplate":1,"iceandfire:ectoplasm":3,"minecraft:gunpowder":3,"quark:limestone":8,"naturalist:bass":2,"minecraft:stone_bricks":3,"minecraft:kelp":9,"mowziesmobs:foliaath_seed":2,"minecraft:iron_ingot":111,"tombstone:bag_of_seeds":1,"minecraft:iron_sword":2,"minecraft:polished_andesite_stairs":1,"luminousworld:clovers_1":1,"minecraft:birch_boat":1,"minecraft:red_wool":1,"minecraft:gravel":4,"minecraft:white_bed":1,"minecraft:spruce_log":10,"minecraft:spider_eye":2,"luminousworld:whiteoaklog":31,"minecraft:pumpkin_seeds":1,"minecraft:iron_helmet":1,"minecraft:gray_wool":1,"minecraft:terracotta":210,"tombstone:magic_scroll":5,"minecraft:melon_seeds":3,"minecraft:coal":40},"minecraft:mined":{"minecraft:spruce_planks":68,"minecraft:white_bed":1,"minecraft:potted_dead_bush":1,"minecraft:granite":2,"minecraft:grass_block":15,"minecraft:infested_cobblestone":11,"minecraft:spawner":5,"minecraft:mossy_cobblestone_stairs":1,"minecraft:cobbled_deepslate":17,"minecraft:fire":17,"quark:limestone":20,"minecraft:spruce_slab":3,"minecraft:tripwire":1,"luminousworld:creepbush":1,"iceandfire:myrmex_desert_resin_glass":1,"iceandfire:dragon_ice_spikes":10,"born_in_chaos_v1:infected_deepslate_diamond_ore":2,"minecraft:torch":1,"minecraft:calcite":1,"minecraft:polished_andesite_stairs":1,"minecraft:cobblestone":25,"minecraft:bricks":7,"placeablesmod:bread_full_block":3,"minecraft:cyan_wool":1,"luminousworld:clovers_1":1,"minecraft:birch_log":28,"minecraft:black_bed":1,"minecraft:stone_brick_stairs":1,"minecraft:grass":13,"minecraft:oak_log":7,"minecraft:dirt":6,"luminousworld:grassvariant_3":6,"luminousworld:savannah_grass_4":1,"minecraft:oak_leaves":12,"minecraft:deepslate":135,"minecraft:diamond_ore":2,"minecraft:tuff":11,"iceandfire:silver_ore":2,"minecraft:mossy_cobblestone":6,"minecraft:deepslate_diamond_ore":2,"luminousworld:grassvariant_4":7,"iceandfire:frozen_cobblestone":45,"minecraft:dark_oak_fence":1,"iceandfire:frozen_stone":37,"minecraft:spruce_fence":1,"minecraft:redstone_wire":1,"luminousworld:grassvariant_2":3,"luminousworld:whiteoakleaves":1,"minecraft:spruce_leaves":2,"luminousworld:white_oak_plank":9,"luminousworld:groundpebbles_3":1,"minecraft:hay_block":13,"luminousworld:sunset_petunias":1,"minecraft:furnace":2,"minecraft:acacia_wood":16,"minecraft:andesite":18,"minecraft:polished_deepslate":1,"minecraft:stripped_oak_log":2,"minecraft:stone":287,"minecraft:bone_block":1,"minecraft:crafting_table":6,"minecraft:emerald_ore":1,"minecraft:stone_slab":1,"minecraft:tall_grass":4,"minecraft:red_glazed_terracotta":1,"minecraft:diorite":2,"luminousworld:whiteoaklog":31,"supplementaries:urn":5,"minecraft:spruce_stairs":1,"minecraft:birch_planks":14,"minecraft:red_terracotta":63,"minecraft:light_blue_bed":1,"minecraft:cobblestone_wall":2,"minecraft:spruce_log":8,"minecraft:birch_leaves":36,"ecologics:hanging_coconut":1,"minecraft:coal_ore":42,"luminousworld:ishstone":10,"minecraft:sunflower":2,"minecraft:cobweb":43,"minecraft:terracotta":213,"minecraft:acacia_planks":10,"minecraft:polished_andesite":1,"minecraft:stone_bricks":9,"luminousworld:elephant_grass":1,"minecraft:infested_stone":1},"minecraft:killed":{"born_in_chaos_v1:zombie_clown":1,"alexsmobs:lobster":21,"minecraft:witch":4,"born_in_chaos_v1:zombie_lumberjack":2,"creeperoverhaul:beach_creeper":3,"minecraft:spider":2,"alexsmobs:murmur":1,"minecraft:skeleton":29,"minecraft:fox":1,"minecraft:silverfish":16,"undead_revamp2:therod":1,"minecraft:illusioner":1,"born_in_chaos_v1:supreme_bonescaller_stage_2":1,"born_in_chaos_v1:firelight_not_despawn":1,"artifacts:mimic":1,"alexsmobs:grizzly_bear":1,"born_in_chaos_v1:diamond_termite":4,"minecraft:creeper":3,"luminousworld:crab":2,"minecraft:sheep":5,"undead_revamp2:thebidyupside":1,"born_in_chaos_v1:zombie_fisherman":2,"enemyexpansion:meature":1,"cataclysm:deepling_brute":1,"minecraft:zombie":63,"born_in_chaos_v1:dread_hound":1,"enemyexpansion:vampire":1,"born_in_chaos_v1:corpse_fly":17,"enemyexpansion:botfly":9,"alexsmobs:fly":3,"takesapillage:archer":1,"iceandfire:sea_serpent":1,"minecraft:cow":3,"enemyexpansion:trollenraged":1,"undead_revamp2:theimmortal":2,"undead_revamp2:thegliter":2,"enemyexpansion:intruder":2,"luminousworld:swallowtail":1,"enemyexpansion:direwolf":2,"born_in_chaos_v1:zombie_bruiser":2,"born_in_chaos_v1:maggot":23,"minecraft:phantom":1,"naturalist:deer":1,"minecraft:drowned":1,"luminousworld:savannah_zombie":2,"earthmobsmod:albino_cow":5,"born_in_chaos_v1:barrel_zombie":1,"minecraft:husk":3,"earthmobsmod:bouldering_zombie":1,"born_in_chaos_v1:bone_imp_minion":12,"creeperoverhaul:spruce_creeper":1,"undead_revamp2:the_moonflower":2,"minecraft:bat":1,"enemyexpansion:sprinter":1,"born_in_chaos_v1:decrepit_skeleton":5,"undead_revamp2:thesomnolence":2,"born_in_chaos_v1:decaying_zombie":1,"iceandfire:ghost":7,"enemyexpansion:slugger":2},"minecraft:broken":{"minecraft:iron_sword":1,"aether:chainmail_gloves":1,"minecraft:leather_boots":1,"minecraft:iron_pickaxe":1,"minecraft:iron_helmet":1}},"DataVersion":3465}