{"stats":{"minecraft:custom":{"minecraft:interact_with_furnace":1,"minecraft:mob_kills":9,"minecraft:interact_with_crafting_table":3,"minecraft:tune_noteblock":3,"minecraft:open_barrel":10,"minecraft:damage_dealt_resisted":2,"minecraft:leave_game":6,"minecraft:time_since_death":964,"minecraft:sleep_in_bed":1,"minecraft:climb_one_cm":15111,"minecraft:time_since_rest":1,"minecraft:damage_taken":3259,"minecraft:sprint_one_cm":407066,"minecraft:walk_one_cm":349197,"minecraft:drop":24,"minecraft:damage_dealt":1710,"minecraft:swim_one_cm":147050,"minecraft:fly_one_cm":155678,"minecraft:open_chest":11,"minecraft:crouch_one_cm":8,"minecraft:play_time":115198,"tombstone:undead_killed":3,"minecraft:deaths":10,"minecraft:sneak_time":112,"minecraft:walk_under_water_one_cm":17036,"minecraft:jump":1339,"minecraft:walk_on_water_one_cm":30011,"minecraft:total_world_time":115198,"minecraft:fall_one_cm":31929},"minecraft:used":{"minecraft:stone_sword":73,"minecraft:stone_pickaxe":16,"minecraft:stone_shovel":88,"minecraft:oak_planks":10,"minecraft:wooden_pickaxe":9,"minecraft:spruce_planks":3,"minecraft:dirt":4,"minecraft:sand":17,"minecraft:terracotta":4,"minecraft:crafting_table":2,"minecraft:brick_slab":1,"minecraft:black_bed":1,"alexsmobs:flying_fish":1,"minecraft:dark_oak_planks":4,"minecraft:bread":4,"minecraft:stone_axe":37,"ecologics:coconut_slice":21,"minecraft:potion":1,"born_in_chaos_v1:river_mint":1,"alexsmobs:animal_dictionary":1},"minecraft:killed":{"earthmobsmod:cream_cow":1,"born_in_chaos_v1:maggot":1,"minecraft:skeleton":1,"born_in_chaos_v1:zombie_fisherman":1,"enemyexpansion:meature":1,"ecologics:coconut_crab":1,"earthmobsmod:albino_cow":3},"minecraft:dropped":{"minecraft:bread":5,"luminousworld:white_oak_plank":1,"minecraft:glass_bottle":1,"endrem:witch_pupil":1,"minecraft:rotten_flesh":8,"iceandfire:ectoplasm":1,"minecraft:spruce_planks":8,"minecraft:iron_chestplate":1,"luminousworld:groundpebbles_1":1,"ecologics:coconut_husk":18,"minecraft:arrow":2,"minecraft:string":1,"minecraft:spruce_sapling":1},"minecraft:mined":{"minecraft:dark_oak_planks":4,"minecraft:spruce_planks":8,"luminousworld:yellowpetunias":2,"luminousworld:grassvariant_4":22,"minecraft:carved_pumpkin":1,"minecraft:crafting_table":1,"minecraft:grass_block":3,"quark:blossom_log":4,"luminousworld:grassvariant_2":18,"luminousworld:decorative_brown_mushroom_1":10,"ecologics:coconut_log":5,"minecraft:spruce_leaves":1,"luminousworld:white_oak_plank":1,"minecraft:oak_planks":6,"luminousworld:sunset_petunias":9,"minecraft:brick_slab":1,"ecologics:seashell":2,"minecraft:acacia_wood":2,"minecraft:birch_log":12,"minecraft:fire":1,"minecraft:spruce_log":1,"minecraft:birch_leaves":6,"born_in_chaos_v1:river_mint":1,"minecraft:black_bed":1,"minecraft:grass":10,"minecraft:oak_log":14,"minecraft:sand":100,"minecraft:dirt":1,"luminousworld:grassvariant_3":3,"minecraft:terracotta":4,"luminousworld:groundpebbles_2":1,"minecraft:stone":16,"luminousworld:decorative_brown_2":15,"minecraft:oak_leaves":8,"minecraft:spruce_slab":2},"minecraft:killed_by":{"iceandfire:ice_dragon":1,"minecraft:skeleton":2,"iceandfire:ghost":1,"enemyexpansion:meature":1,"born_in_chaos_v1:dread_hound":1,"undead_revamp2:thespitter":1},"minecraft:crafted":{"minecraft:oak_planks":36,"minecraft:stone_shovel":1,"minecraft:crafting_table":1,"ecologics:coconut_planks":20,"minecraft:wooden_pickaxe":1,"minecraft:stone_axe":1,"minecraft:stick":12,"minecraft:stone_pickaxe":1,"minecraft:stone_sword":1},"minecraft:picked_up":{"minecraft:birch_log":12,"born_in_chaos_v1:corpse_maggot":2,"luminousworld:groundpebbles_1":1,"minecraft:crafting_table":1,"luminousworld:decorative_brown_2":14,"born_in_chaos_v1:river_mint":1,"minecraft:black_bed":1,"minecraft:leather":2,"ecologics:seashell":3,"minecraft:acacia_wood":2,"minecraft:potion":1,"minecraft:enchanted_book":1,"minecraft:oak_log":14,"iceandfire:ectoplasm":1,"minecraft:dirt":4,"minecraft:string":1,"minecraft:bone":3,"minecraft:spruce_planks":11,"minecraft:beef":8,"minecraft:spruce_slab":1,"luminousworld:white_oak_plank":1,"minecraft:oak_planks":6,"minecraft:stick":3,"endrem:witch_pupil":1,"born_in_chaos_v1:shattered_skull":1,"ecologics:coconut_slice":13,"luminousworld:sunset_petunias":9,"quark:blossom_log":4,"minecraft:sand":100,"ecologics:coconut_husk":2,"minecraft:spruce_sapling":1,"minecraft:spruce_log":1,"born_in_chaos_v1:pieceofdarkmetal":2,"minecraft:fermented_spider_eye":2,"naturalist:duck_egg":1,"minecraft:brick_slab":1,"minecraft:dark_oak_planks":4,"luminousworld:decorative_brown_mushroom_1":9,"minecraft:arrow":2,"minecraft:rotten_flesh":10,"luminousworld:yellowpetunias":2,"ecologics:coconut_log":5,"minecraft:carved_pumpkin":1,"minecraft:terracotta":4,"alexsmobs:flying_fish":1,"minecraft:cobblestone":16}},"DataVersion":3465}