{"stats":{"minecraft:killed_by":{"iceandfire:siren":1,"enemyexpansion:meature":1,"undead_revamp2:thespitter":1,"iceandfire:ice_dragon":1,"minecraft:skeleton":2,"iceandfire:ghost":1,"born_in_chaos_v1:dread_hound":1},"minecraft:used":{"minecraft:stone_sword":125,"minecraft:stone_shovel":88,"minecraft:spruce_planks":3,"minecraft:dirt":4,"minecraft:brick_slab":1,"minecraft:dark_oak_planks":4,"tombstone:gift":2,"minecraft:stone_pickaxe":31,"minecraft:oak_planks":10,"minecraft:wooden_pickaxe":9,"minecraft:sand":17,"minecraft:terracotta":4,"minecraft:crafting_table":4,"minecraft:black_bed":1,"alexsmobs:flying_fish":1,"minecraft:bread":12,"minecraft:stone_axe":209,"ecologics:coconut_slice":23,"minecraft:cobblestone":2,"minecraft:potion":1,"born_in_chaos_v1:river_mint":1,"alexsmobs:animal_dictionary":2,"minecraft:oak_boat":2,"minecraft:experience_bottle":3},"minecraft:custom":{"minecraft:mob_kills":16,"minecraft:interact_with_crafting_table":6,"minecraft:open_barrel":24,"minecraft:damage_dealt_resisted":12,"minecraft:leave_game":7,"minecraft:time_since_death":20926,"minecraft:climb_one_cm":15111,"minecraft:sprint_one_cm":517957,"minecraft:walk_one_cm":425415,"minecraft:drop":26,"minecraft:play_time":159684,"minecraft:deaths":11,"minecraft:sneak_time":220,"minecraft:walk_under_water_one_cm":48003,"minecraft:boat_one_cm":145659,"minecraft:jump":1800,"minecraft:walk_on_water_one_cm":68780,"minecraft:total_world_time":159684,"minecraft:interact_with_furnace":8,"minecraft:tune_noteblock":3,"minecraft:sleep_in_bed":1,"minecraft:time_since_rest":19570,"minecraft:damage_taken":3815,"minecraft:damage_dealt":2762,"minecraft:swim_one_cm":364545,"minecraft:fly_one_cm":218446,"minecraft:open_chest":11,"minecraft:crouch_one_cm":428,"tombstone:undead_killed":5,"minecraft:fall_one_cm":36604},"minecraft:killed":{"born_in_chaos_v1:maggot":2,"minecraft:skeleton":1,"ecologics:coconut_crab":1,"earthmobsmod:albino_cow":7,"earthmobsmod:cream_cow":1,"born_in_chaos_v1:zombie_fisherman":1,"enemyexpansion:meature":1,"minecraft:zombie":2},"minecraft:picked_up":{"luminousworld:groundpebbles_1":1,"minecraft:crafting_table":3,"luminousworld:decorative_brown_2":14,"born_in_chaos_v1:river_mint":1,"ecologics:seashell":3,"minecraft:enchanted_book":1,"minecraft:potion":1,"minecraft:string":1,"minecraft:spruce_planks":11,"minecraft:beef":16,"minecraft:oak_boat":1,"minecraft:spruce_slab":1,"luminousworld:white_oak_plank":1,"minecraft:stick":3,"born_in_chaos_v1:shattered_skull":1,"ecologics:coconut_slice":13,"sophisticatedbackpacks:backpack":1,"quark:blossom_log":4,"minecraft:cherry_log":20,"born_in_chaos_v1:pieceofdarkmetal":2,"minecraft:dark_oak_planks":4,"luminousworld:decorative_brown_mushroom_1":9,"minecraft:arrow":2,"minecraft:rotten_flesh":12,"artifacts:villager_hat":1,"ecologics:coconut_log":5,"minecraft:carved_pumpkin":1,"minecraft:cod":1,"alexsmobs:flying_fish":1,"minecraft:cobblestone":20,"minecraft:birch_log":12,"born_in_chaos_v1:corpse_maggot":3,"minecraft:pink_petals":381,"minecraft:salmon":1,"minecraft:black_bed":2,"minecraft:leather":7,"minecraft:acacia_wood":2,"minecraft:oak_log":20,"iceandfire:ectoplasm":1,"minecraft:dirt":4,"minecraft:bone":3,"minecraft:kelp":2,"minecraft:wheat_seeds":1,"minecraft:oak_planks":6,"endrem:witch_pupil":1,"luminousworld:sunset_petunias":9,"ecologics:coconut_husk":2,"minecraft:sand":104,"minecraft:spruce_sapling":1,"minecraft:spruce_log":1,"minecraft:fermented_spider_eye":2,"naturalist:duck_egg":1,"minecraft:brick_slab":1,"luminousworld:yellowpetunias":2,"minecraft:cherry_sapling":6,"minecraft:bread":3,"minecraft:terracotta":4},"minecraft:broken":{"minecraft:stone_axe":1},"minecraft:mined":{"minecraft:dark_oak_planks":4,"minecraft:spruce_planks":8,"luminousworld:yellowpetunias":2,"luminousworld:grassvariant_4":22,"minecraft:cherry_log":22,"minecraft:carved_pumpkin":1,"minecraft:grass_block":3,"luminousworld:grassvariant_2":18,"luminousworld:decorative_brown_mushroom_1":10,"ecologics:coconut_log":5,"minecraft:spruce_leaves":2,"luminousworld:white_oak_plank":1,"minecraft:spawner":1,"luminousworld:sunset_petunias":9,"minecraft:fire":1,"minecraft:acacia_wood":2,"luminousworld:groundpebbles_2":1,"luminousworld:decorative_brown_2":15,"minecraft:stone":16,"minecraft:spruce_slab":2,"minecraft:kelp_plant":3,"minecraft:crafting_table":3,"quark:blossom_log":4,"minecraft:cobblestone":4,"minecraft:oak_planks":6,"minecraft:pink_petals":136,"minecraft:brick_slab":1,"ecologics:seashell":2,"minecraft:birch_log":12,"minecraft:spruce_log":1,"minecraft:birch_leaves":6,"born_in_chaos_v1:river_mint":1,"minecraft:black_bed":2,"minecraft:grass":17,"minecraft:oak_log":20,"minecraft:cherry_leaves":81,"minecraft:dirt":1,"minecraft:sand":104,"luminousworld:grassvariant_3":3,"minecraft:terracotta":4,"minecraft:oak_leaves":8},"minecraft:crafted":{"minecraft:oak_planks":36,"minecraft:stone_shovel":1,"ecologics:coconut_planks":20,"born_in_chaos_v1:fried_maggot":3,"minecraft:stone_pickaxe":1,"minecraft:cooked_beef":8,"minecraft:cooked_cod":1,"luminousworld:cooked_bass":1,"minecraft:crafting_table":2,"minecraft:wooden_pickaxe":1,"minecraft:cooked_salmon":1,"minecraft:stone_axe":1,"minecraft:oak_boat":2,"minecraft:stick":12,"minecraft:stone_sword":1},"minecraft:dropped":{"minecraft:bread":5,"minecraft:wheat_seeds":1,"minecraft:glass_bottle":1,"endrem:witch_pupil":1,"minecraft:leather":5,"iceandfire:ectoplasm":1,"minecraft:string":1,"minecraft:spruce_sapling":1,"luminousworld:white_oak_plank":1,"minecraft:rotten_flesh":8,"minecraft:spruce_planks":8,"minecraft:iron_chestplate":1,"luminousworld:groundpebbles_1":1,"ecologics:coconut_husk":18,"minecraft:arrow":2}},"DataVersion":3465}